<?xml version="1.0" encoding="UTF-8"?>
<root>
  <item name="webinstats.android_wis.request.Request void sendEvent(int) 0">
    <annotation name="androidx.annotation.IntDef">
      <val name="value" val="{webinstats.android_wis.request.RequestQueue.RequestEvent.REQUEST_QUEUED, webinstats.android_wis.request.RequestQueue.RequestEvent.REQUEST_CACHE_LOOKUP_STARTED, webinstats.android_wis.request.RequestQueue.RequestEvent.REQUEST_CACHE_LOOKUP_FINISHED, webinstats.android_wis.request.RequestQueue.RequestEvent.REQUEST_NETWORK_DISPATCH_STARTED, webinstats.android_wis.request.RequestQueue.RequestEvent.REQUEST_NETWORK_DISPATCH_FINISHED, webinstats.android_wis.request.RequestQueue.RequestEvent.REQUEST_FINISHED}" />
    </annotation>
  </item>
  <item name="webinstats.android_wis.request.RequestQueue void sendRequestEvent(webinstats.android_wis.request.Request&lt;?&gt;, int) 1">
    <annotation name="androidx.annotation.IntDef">
      <val name="value" val="{webinstats.android_wis.request.RequestQueue.RequestEvent.REQUEST_QUEUED, webinstats.android_wis.request.RequestQueue.RequestEvent.REQUEST_CACHE_LOOKUP_STARTED, webinstats.android_wis.request.RequestQueue.RequestEvent.REQUEST_CACHE_LOOKUP_FINISHED, webinstats.android_wis.request.RequestQueue.RequestEvent.REQUEST_NETWORK_DISPATCH_STARTED, webinstats.android_wis.request.RequestQueue.RequestEvent.REQUEST_NETWORK_DISPATCH_FINISHED, webinstats.android_wis.request.RequestQueue.RequestEvent.REQUEST_FINISHED}" />
    </annotation>
  </item>
  <item name="webinstats.android_wis.request.RequestQueue.RequestEvent">
    <annotation name="androidx.annotation.IntDef">
      <val name="value" val="{webinstats.android_wis.request.RequestQueue.RequestEvent.REQUEST_QUEUED, webinstats.android_wis.request.RequestQueue.RequestEvent.REQUEST_CACHE_LOOKUP_STARTED, webinstats.android_wis.request.RequestQueue.RequestEvent.REQUEST_CACHE_LOOKUP_FINISHED, webinstats.android_wis.request.RequestQueue.RequestEvent.REQUEST_NETWORK_DISPATCH_STARTED, webinstats.android_wis.request.RequestQueue.RequestEvent.REQUEST_NETWORK_DISPATCH_FINISHED, webinstats.android_wis.request.RequestQueue.RequestEvent.REQUEST_FINISHED}" />
    </annotation>
  </item>
  <item name="webinstats.android_wis.request.RequestQueue.RequestEventListener void onRequestEvent(webinstats.android_wis.request.Request&lt;?&gt;, int) 1">
    <annotation name="androidx.annotation.IntDef">
      <val name="value" val="{webinstats.android_wis.request.RequestQueue.RequestEvent.REQUEST_QUEUED, webinstats.android_wis.request.RequestQueue.RequestEvent.REQUEST_CACHE_LOOKUP_STARTED, webinstats.android_wis.request.RequestQueue.RequestEvent.REQUEST_CACHE_LOOKUP_FINISHED, webinstats.android_wis.request.RequestQueue.RequestEvent.REQUEST_NETWORK_DISPATCH_STARTED, webinstats.android_wis.request.RequestQueue.RequestEvent.REQUEST_NETWORK_DISPATCH_FINISHED, webinstats.android_wis.request.RequestQueue.RequestEvent.REQUEST_FINISHED}" />
    </annotation>
  </item>
</root>

